"2023-01-17T14:22:25.249Z",1
"2023-01-17T14:22:25.269Z",2
"2023-01-17T14:22:25.270Z",3
"2023-01-17T14:22:25.278Z",4
"2023-01-17T14:22:25.293Z",5
"2023-01-17T14:22:25.310Z",6
"2023-01-17T14:22:25.310Z",7
"2023-01-17T14:22:25.318Z",8
"2023-01-17T14:22:25.335Z",9
"2023-01-17T14:22:25.351Z",10
"2023-01-17T14:22:25.352Z",11
"2023-01-17T14:22:25.367Z",12
"2023-01-17T14:22:25.368Z",13
"2023-01-17T14:22:25.383Z",14
"2023-01-17T14:22:25.391Z",15
"2023-01-17T14:22:25.407Z",16
"2023-01-17T14:22:25.408Z",17
"2023-01-17T14:22:25.423Z",18
"2023-01-17T14:22:25.440Z",19
"2023-01-17T14:22:25.441Z",20
"2023-01-17T14:22:25.458Z",21
"2023-01-17T14:22:25.459Z",22
"2023-01-17T14:22:25.473Z",23
"2023-01-17T14:22:25.481Z",24
"2023-01-17T14:22:25.497Z",25
"2023-01-17T14:22:25.498Z",26
"2023-01-17T14:22:25.514Z",27
"2023-01-17T14:22:25.530Z",28
"2023-01-17T14:22:25.531Z",29
"2023-01-17T14:22:25.545Z",30
"2023-01-17T14:22:25.555Z",31
"2023-01-17T14:22:25.563Z",32
"2023-01-17T14:22:25.571Z",33
"2023-01-17T14:22:25.588Z",34
"2023-01-17T14:22:25.589Z",35
"2023-01-17T14:22:25.604Z",36
"2023-01-17T14:22:25.616Z",37
"2023-01-17T14:22:25.632Z",38
"2023-01-17T14:22:25.633Z",39
"2023-01-17T14:22:25.640Z",40
"2023-01-17T14:22:25.648Z",41
"2023-01-17T14:22:25.673Z",42
"2023-01-17T14:22:25.674Z",43
"2023-01-17T14:22:25.689Z",44
"2023-01-17T14:22:25.690Z",45
"2023-01-17T14:22:25.714Z",46
"2023-01-17T14:22:25.715Z",47
"2023-01-17T14:22:25.722Z",48
"2023-01-17T14:22:25.732Z",49
"2023-01-17T14:22:25.740Z",50
"2023-01-17T14:22:25.748Z",51
"2023-01-17T14:22:25.765Z",52
"2023-01-17T14:22:25.773Z",53
"2023-01-17T14:22:25.782Z",54
"2023-01-17T14:22:25.799Z",55
"2023-01-17T14:22:25.799Z",56
"2023-01-17T14:22:25.815Z",57
"2023-01-17T14:22:25.823Z",58
"2023-01-17T14:22:25.839Z",59
"2023-01-17T14:22:25.840Z",60
"2023-01-17T14:22:25.855Z",61
"2023-01-17T14:22:25.871Z",62
"2023-01-17T14:22:25.872Z",63
"2023-01-17T14:22:25.879Z",64
"2023-01-17T14:22:25.895Z",65
"2023-01-17T14:22:25.912Z",66
"2023-01-17T14:22:25.912Z",67
"2023-01-17T14:22:25.928Z",68
"2023-01-17T14:22:25.929Z",69
"2023-01-17T14:22:25.945Z",70
"2023-01-17T14:22:25.962Z",71
"2023-01-17T14:22:25.962Z",72
"2023-01-17T14:22:25.969Z",73
"2023-01-17T14:22:25.985Z",74
"2023-01-17T14:22:26.001Z",75
"2023-01-17T14:22:26.002Z",76
"2023-01-17T14:22:26.017Z",77
"2023-01-17T14:22:26.018Z",78
"2023-01-17T14:22:26.033Z",79
"2023-01-17T14:22:26.042Z",80
"2023-01-17T14:22:26.058Z",81
"2023-01-17T14:22:26.058Z",82
"2023-01-17T14:22:26.074Z",83
"2023-01-17T14:22:26.090Z",84
"2023-01-17T14:22:26.091Z",85
"2023-01-17T14:22:26.107Z",86
"2023-01-17T14:22:26.108Z",87
"2023-01-17T14:22:26.131Z",88
"2023-01-17T14:22:26.132Z",89
"2023-01-17T14:22:26.153Z",90
"2023-01-17T14:22:26.153Z",91
"2023-01-17T14:22:26.168Z",92
"2023-01-17T14:22:26.169Z",93
"2023-01-17T14:22:26.185Z",94
"2023-01-17T14:22:26.201Z",95
"2023-01-17T14:22:26.202Z",96
"2023-01-17T14:22:26.218Z",97
"2023-01-17T14:22:26.219Z",98
"2023-01-17T14:22:26.234Z",99
"2023-01-17T14:22:26.255Z",100
"2023-01-17T14:22:26.255Z",101
"2023-01-17T14:22:26.266Z",102
"2023-01-17T14:22:26.282Z",103
"2023-01-17T14:22:26.283Z",104
"2023-01-17T14:22:26.298Z",105
"2023-01-17T14:22:26.299Z",106
"2023-01-17T14:22:26.314Z",107
"2023-01-17T14:22:26.322Z",108
"2023-01-17T14:22:26.333Z",109
"2023-01-17T14:22:26.350Z",110
"2023-01-17T14:22:26.350Z",111
"2023-01-17T14:22:26.366Z",112
"2023-01-17T14:22:26.367Z",113
"2023-01-17T14:22:26.382Z",114
"2023-01-17T14:22:26.397Z",115
"2023-01-17T14:22:26.398Z",116
"2023-01-17T14:22:26.423Z",117
"2023-01-17T14:22:26.423Z",118
"2023-01-17T14:22:26.431Z",119
"2023-01-17T14:22:26.447Z",120
"2023-01-17T14:22:26.448Z",121
"2023-01-17T14:22:26.463Z",122
"2023-01-17T14:22:26.479Z",123
"2023-01-17T14:22:26.479Z",124
"2023-01-17T14:22:26.495Z",125
"2023-01-17T14:22:26.506Z",126
"2023-01-17T14:22:26.520Z",127
"2023-01-17T14:22:26.520Z",128
"2023-01-17T14:22:26.536Z",129
"2023-01-17T14:22:26.537Z",130
"2023-01-17T14:22:26.552Z",131
"2023-01-17T14:22:26.569Z",132
"2023-01-17T14:22:26.569Z",133
"2023-01-17T14:22:26.592Z",134
"2023-01-17T14:22:26.593Z",135
"2023-01-17T14:22:26.608Z",136
"2023-01-17T14:22:26.609Z",137
"2023-01-17T14:22:26.625Z",138
"2023-01-17T14:22:26.641Z",139
"2023-01-17T14:22:26.642Z",140
"2023-01-17T14:22:26.657Z",141
"2023-01-17T14:22:26.658Z",142
"2023-01-17T14:22:26.673Z",143
"2023-01-17T14:22:26.689Z",144
"2023-01-17T14:22:26.690Z",145
"2023-01-17T14:22:26.706Z",146
"2023-01-17T14:22:26.722Z",147
"2023-01-17T14:22:26.723Z",148
"2023-01-17T14:22:26.730Z",149
"2023-01-17T14:22:26.746Z",150
"2023-01-17T14:22:26.748Z",151
"2023-01-17T14:22:26.763Z",152
"2023-01-17T14:22:26.771Z",153
"2023-01-17T14:22:26.787Z",154
"2023-01-17T14:22:26.788Z",155
"2023-01-17T14:22:26.804Z",156
"2023-01-17T14:22:26.820Z",157
"2023-01-17T14:22:26.820Z",158
"2023-01-17T14:22:26.835Z",159
"2023-01-17T14:22:26.852Z",160
"2023-01-17T14:22:26.853Z",161
"2023-01-17T14:22:26.862Z",162
"2023-01-17T14:22:26.876Z",163
"2023-01-17T14:22:26.877Z",164
"2023-01-17T14:22:26.892Z",165
"2023-01-17T14:22:26.908Z",166
"2023-01-17T14:22:26.909Z",167
"2023-01-17T14:22:26.933Z",168
"2023-01-17T14:22:26.934Z",169
"2023-01-17T14:22:26.948Z",170
"2023-01-17T14:22:26.949Z",171
"2023-01-17T14:22:26.965Z",172
"2023-01-17T14:22:26.980Z",173
"2023-01-17T14:22:26.981Z",174
"2023-01-17T14:22:26.997Z",175
"2023-01-17T14:22:26.998Z",176
"2023-01-17T14:22:27.013Z",177
"2023-01-17T14:22:27.028Z",178
"2023-01-17T14:22:27.029Z",179
"2023-01-17T14:22:27.053Z",180
"2023-01-17T14:22:27.054Z",181
"2023-01-17T14:22:27.069Z",182
"2023-01-17T14:22:27.070Z",183
"2023-01-17T14:22:27.085Z",184
"2023-01-17T14:22:27.101Z",185
"2023-01-17T14:22:27.102Z",186
"2023-01-17T14:22:27.116Z",187
"2023-01-17T14:22:27.117Z",188
"2023-01-17T14:22:27.133Z",189
"2023-01-17T14:22:27.149Z",190
"2023-01-17T14:22:27.149Z",191
"2023-01-17T14:22:27.165Z",192
"2023-01-17T14:22:27.173Z",193
"2023-01-17T14:22:27.189Z",194
"2023-01-17T14:22:27.189Z",195
"2023-01-17T14:22:27.205Z",196
"2023-01-17T14:22:27.221Z",197
"2023-01-17T14:22:27.222Z",198
"2023-01-17T14:22:27.228Z",199
"2023-01-17T14:22:27.245Z",200
"2023-01-17T14:22:27.261Z",201
"2023-01-17T14:22:27.261Z",202
"2023-01-17T14:22:27.277Z",203
"2023-01-17T14:22:27.277Z",204
"2023-01-17T14:22:27.293Z",205
"2023-01-17T14:22:27.310Z",206
"2023-01-17T14:22:27.310Z",207
"2023-01-17T14:22:27.326Z",208
"2023-01-17T14:22:27.327Z",209
"2023-01-17T14:22:27.342Z",210
"2023-01-17T14:22:27.350Z",211
"2023-01-17T14:22:27.366Z",212
"2023-01-17T14:22:27.367Z",213
"2023-01-17T14:22:27.383Z",214
"2023-01-17T14:22:27.398Z",215
"2023-01-17T14:22:27.399Z",216
"2023-01-17T14:22:27.414Z",217
"2023-01-17T14:22:27.430Z",218
"2023-01-17T14:22:27.431Z",219
"2023-01-17T14:22:27.447Z",220
"2023-01-17T14:22:27.448Z",221
"2023-01-17T14:22:27.462Z",222
"2023-01-17T14:22:27.478Z",223
"2023-01-17T14:22:27.478Z",224
"2023-01-17T14:22:27.502Z",225
"2023-01-17T14:22:27.503Z",226
"2023-01-17T14:22:27.510Z",227
"2023-01-17T14:22:27.518Z",228
"2023-01-17T14:22:27.534Z",229
"2023-01-17T14:22:27.550Z",230
"2023-01-17T14:22:27.551Z",231
"2023-01-17T14:22:27.564Z",232
"2023-01-17T14:22:27.575Z",233
"2023-01-17T14:22:27.583Z",234
"2023-01-17T14:22:27.599Z",235
"2023-01-17T14:22:27.600Z",236
"2023-01-17T14:22:27.616Z",237
"2023-01-17T14:22:27.632Z",238
"2023-01-17T14:22:27.632Z",239
"2023-01-17T14:22:27.648Z",240
"2023-01-17T14:22:27.648Z",241
"2023-01-17T14:22:27.665Z",242
"2023-01-17T14:22:27.673Z",243
"2023-01-17T14:22:27.694Z",244
"2023-01-17T14:22:27.694Z",245
"2023-01-17T14:22:27.706Z",246
"2023-01-17T14:22:27.723Z",247
"2023-01-17T14:22:27.723Z",248
"2023-01-17T14:22:27.736Z",249
"2023-01-17T14:22:27.737Z",250
"2023-01-17T14:22:27.752Z",251
"2023-01-17T14:22:27.760Z",252
"2023-01-17T14:22:27.776Z",253
"2023-01-17T14:22:27.778Z",254
"2023-01-17T14:22:27.792Z",255
"2023-01-17T14:22:27.800Z",256
"2023-01-17T14:22:27.817Z",257
"2023-01-17T14:22:27.817Z",258
"2023-01-17T14:22:27.833Z",259
"2023-01-17T14:22:27.840Z",260
"2023-01-17T14:22:27.857Z",261
"2023-01-17T14:22:27.858Z",262
"2023-01-17T14:22:27.873Z",263
"2023-01-17T14:22:27.882Z",264
"2023-01-17T14:22:27.898Z",265
"2023-01-17T14:22:27.899Z",266
"2023-01-17T14:22:27.915Z",267
"2023-01-17T14:22:27.931Z",268
"2023-01-17T14:22:27.932Z",269
"2023-01-17T14:22:27.947Z",270
"2023-01-17T14:22:27.948Z",271
"2023-01-17T14:22:27.963Z",272
"2023-01-17T14:22:27.979Z",273
"2023-01-17T14:22:27.980Z",274
"2023-01-17T14:22:27.995Z",275
"2023-01-17T14:22:28.011Z",276
"2023-01-17T14:22:28.011Z",277
"2023-01-17T14:22:28.027Z",278
"2023-01-17T14:22:28.028Z",279
"2023-01-17T14:22:28.044Z",280
"2023-01-17T14:22:28.052Z",281
"2023-01-17T14:22:28.069Z",282
"2023-01-17T14:22:28.069Z",283
"2023-01-17T14:22:28.085Z",284
"2023-01-17T14:22:28.101Z",285
"2023-01-17T14:22:28.101Z",286
"2023-01-17T14:22:28.117Z",287
"2023-01-17T14:22:28.119Z",288
"2023-01-17T14:22:28.142Z",289
"2023-01-17T14:22:28.142Z",290
"2023-01-17T14:22:28.158Z",291
"2023-01-17T14:22:28.158Z",292
"2023-01-17T14:22:28.169Z",293
"2023-01-17T14:22:28.182Z",294
"2023-01-17T14:22:28.198Z",295
"2023-01-17T14:22:28.199Z",296
"2023-01-17T14:22:28.214Z",297
"2023-01-17T14:22:28.230Z",298
"2023-01-17T14:22:28.231Z",299
"2023-01-17T14:22:28.238Z",300
"2023-01-17T14:22:28.254Z",301
"2023-01-17T14:22:28.270Z",302
"2023-01-17T14:22:28.271Z",303
"2023-01-17T14:22:28.286Z",304
"2023-01-17T14:22:28.288Z",305
"2023-01-17T14:22:28.303Z",306
"2023-01-17T14:22:28.319Z",307
"2023-01-17T14:22:28.321Z",308
"2023-01-17T14:22:28.343Z",309
"2023-01-17T14:22:28.343Z",310
"2023-01-17T14:22:28.359Z",311
"2023-01-17T14:22:28.359Z",312
"2023-01-17T14:22:28.375Z",313
"2023-01-17T14:22:28.391Z",314
"2023-01-17T14:22:28.391Z",315
"2023-01-17T14:22:28.407Z",316
"2023-01-17T14:22:28.408Z",317
"2023-01-17T14:22:28.423Z",318
"2023-01-17T14:22:28.439Z",319
"2023-01-17T14:22:28.440Z",320
"2023-01-17T14:22:28.455Z",321
"2023-01-17T14:22:28.472Z",322
"2023-01-17T14:22:28.473Z",323
"2023-01-17T14:22:28.489Z",324
"2023-01-17T14:22:28.489Z",325
"2023-01-17T14:22:28.497Z",326
"2023-01-17T14:22:28.521Z",327
"2023-01-17T14:22:28.522Z",328
"2023-01-17T14:22:28.531Z",329
"2023-01-17T14:22:28.539Z",330
"2023-01-17T14:22:28.555Z",331
"2023-01-17T14:22:28.567Z",332
"2023-01-17T14:22:28.567Z",333
"2023-01-17T14:22:28.584Z",334
"2023-01-17T14:22:28.599Z",335
"2023-01-17T14:22:28.600Z",336
"2023-01-17T14:22:28.615Z",337
"2023-01-17T14:22:28.631Z",338
"2023-01-17T14:22:28.631Z",339
"2023-01-17T14:22:28.647Z",340
"2023-01-17T14:22:28.648Z",341
"2023-01-17T14:22:28.671Z",342
"2023-01-17T14:22:28.672Z",343
"2023-01-17T14:22:28.687Z",344
"2023-01-17T14:22:28.688Z",345
"2023-01-17T14:22:28.704Z",346
"2023-01-17T14:22:28.720Z",347
"2023-01-17T14:22:28.721Z",348
"2023-01-17T14:22:28.736Z",349
"2023-01-17T14:22:28.737Z",350
"2023-01-17T14:22:28.758Z",351
"2023-01-17T14:22:28.759Z",352
"2023-01-17T14:22:28.768Z",353
"2023-01-17T14:22:28.779Z",354
"2023-01-17T14:22:28.795Z",355
"2023-01-17T14:22:28.811Z",356
"2023-01-17T14:22:28.812Z",357
"2023-01-17T14:22:28.827Z",358
"2023-01-17T14:22:28.828Z",359
"2023-01-17T14:22:28.843Z",360
"2023-01-17T14:22:28.859Z",361
"2023-01-17T14:22:28.860Z",362
"2023-01-17T14:22:28.868Z",363
"2023-01-17T14:22:28.879Z",364
"2023-01-17T14:22:28.896Z",365
"2023-01-17T14:22:28.912Z",366
"2023-01-17T14:22:28.913Z",367
"2023-01-17T14:22:28.928Z",368
"2023-01-17T14:22:28.929Z",369
"2023-01-17T14:22:28.944Z",370
"2023-01-17T14:22:28.952Z",371
"2023-01-17T14:22:28.961Z",372
"2023-01-17T14:22:28.977Z",373
"2023-01-17T14:22:28.978Z",374
"2023-01-17T14:22:28.993Z",375
"2023-01-17T14:22:29.001Z",376
"2023-01-17T14:22:29.017Z",377
"2023-01-17T14:22:29.018Z",378
"2023-01-17T14:22:29.032Z",379
"2023-01-17T14:22:29.041Z",380
"2023-01-17T14:22:29.057Z",381
"2023-01-17T14:22:29.058Z",382
"2023-01-17T14:22:29.074Z",383
"2023-01-17T14:22:29.090Z",384
"2023-01-17T14:22:29.090Z",385
"2023-01-17T14:22:29.102Z",386
"2023-01-17T14:22:29.115Z",387
"2023-01-17T14:22:29.132Z",388
"2023-01-17T14:22:29.132Z",389
"2023-01-17T14:22:29.148Z",390
"2023-01-17T14:22:29.149Z",391
"2023-01-17T14:22:29.163Z",392
"2023-01-17T14:22:29.180Z",393
"2023-01-17T14:22:29.181Z",394
"2023-01-17T14:22:29.197Z",395
"2023-01-17T14:22:29.197Z",396
"2023-01-17T14:22:29.213Z",397
"2023-01-17T14:22:29.222Z",398
"2023-01-17T14:22:29.239Z",399
"2023-01-17T14:22:29.239Z",400
"2023-01-17T14:22:29.255Z",401
"2023-01-17T14:22:29.271Z",402
"2023-01-17T14:22:29.272Z",403
"2023-01-17T14:22:29.287Z",404
"2023-01-17T14:22:29.288Z",405
"2023-01-17T14:22:29.311Z",406
"2023-01-17T14:22:29.311Z",407
"2023-01-17T14:22:29.328Z",408
"2023-01-17T14:22:29.328Z",409
"2023-01-17T14:22:29.343Z",410
"2023-01-17T14:22:29.359Z",411
"2023-01-17T14:22:29.360Z",412
"2023-01-17T14:22:29.376Z",413
"2023-01-17T14:22:29.392Z",414
"2023-01-17T14:22:29.392Z",415
"2023-01-17T14:22:29.408Z",416
"2023-01-17T14:22:29.408Z",417
"2023-01-17T14:22:29.432Z",418
"2023-01-17T14:22:29.432Z",419
"2023-01-17T14:22:29.448Z",420
"2023-01-17T14:22:29.449Z",421
"2023-01-17T14:22:29.471Z",422
"2023-01-17T14:22:29.472Z",423
"2023-01-17T14:22:29.488Z",424
"2023-01-17T14:22:29.489Z",425
"2023-01-17T14:22:29.505Z",426
"2023-01-17T14:22:29.521Z",427
"2023-01-17T14:22:29.522Z",428
"2023-01-17T14:22:29.537Z",429
"2023-01-17T14:22:29.537Z",430
"2023-01-17T14:22:29.554Z",431
"2023-01-17T14:22:29.569Z",432
"2023-01-17T14:22:29.570Z",433
"2023-01-17T14:22:29.581Z",434
"2023-01-17T14:22:29.590Z",435
"2023-01-17T14:22:29.606Z",436
"2023-01-17T14:22:29.607Z",437
"2023-01-17T14:22:29.624Z",438
"2023-01-17T14:22:29.633Z",439
"2023-01-17T14:22:29.649Z",440
"2023-01-17T14:22:29.650Z",441
"2023-01-17T14:22:29.666Z",442
"2023-01-17T14:22:29.667Z",443
"2023-01-17T14:22:29.681Z",444
"2023-01-17T14:22:29.698Z",445
"2023-01-17T14:22:29.699Z",446
"2023-01-17T14:22:29.714Z",447
"2023-01-17T14:22:29.729Z",448
"2023-01-17T14:22:29.730Z",449
"2023-01-17T14:22:29.739Z",450
"2023-01-17T14:22:29.764Z",451
"2023-01-17T14:22:29.764Z",452
"2023-01-17T14:22:29.779Z",453
"2023-01-17T14:22:29.780Z",454
"2023-01-17T14:22:29.795Z",455
"2023-01-17T14:22:29.811Z",456
"2023-01-17T14:22:29.812Z",457
"2023-01-17T14:22:29.828Z",458
"2023-01-17T14:22:29.829Z",459
"2023-01-17T14:22:29.853Z",460
"2023-01-17T14:22:29.853Z",461
"2023-01-17T14:22:29.869Z",462
"2023-01-17T14:22:29.869Z",463
"2023-01-17T14:22:29.885Z",464
"2023-01-17T14:22:29.887Z",465
"2023-01-17T14:22:29.902Z",466
"2023-01-17T14:22:29.945Z",467
"2023-01-17T14:22:29.964Z",468
"2023-01-17T14:22:29.965Z",469
"2023-01-17T14:22:29.965Z",470
"2023-01-17T14:22:29.965Z",471
"2023-01-17T14:22:29.965Z",472
"2023-01-17T14:22:29.974Z",473
"2023-01-17T14:22:29.987Z",474
"2023-01-17T14:22:29.988Z",475
"2023-01-17T14:22:29.999Z",476
"2023-01-17T14:22:30.014Z",477
"2023-01-17T14:22:30.030Z",478
"2023-01-17T14:22:30.031Z",479
"2023-01-17T14:22:30.046Z",480
"2023-01-17T14:22:30.047Z",481
"2023-01-17T14:22:30.062Z",482
"2023-01-17T14:22:30.078Z",483
"2023-01-17T14:22:30.079Z",484
"2023-01-17T14:22:30.094Z",485
"2023-01-17T14:22:30.102Z",486
"2023-01-17T14:22:30.118Z",487
"2023-01-17T14:22:30.119Z",488
"2023-01-17T14:22:30.129Z",489
"2023-01-17T14:22:30.146Z",490
"2023-01-17T14:22:30.147Z",491
"2023-01-17T14:22:30.161Z",492
"2023-01-17T14:22:30.171Z",493
"2023-01-17T14:22:30.179Z",494
"2023-01-17T14:22:30.195Z",495
"2023-01-17T14:22:30.203Z",496
"2023-01-17T14:22:30.211Z",497
"2023-01-17T14:22:30.219Z",498
"2023-01-17T14:22:30.231Z",499
"2023-01-17T14:22:30.247Z",500
